title,length,avg_length
ALIEN CENTER,46,46.0000
IRON MOON,46,46.0000
KWAI HOMEWARD,46,46.0000
LABYRINTH LEAGUE,46,46.0000
RIDGEMONT SUBMARINE,46,46.0000
DIVORCE SHINING,47,46.3333
DOWNHILL ENOUGH,47,46.6667
HALLOWEEN NUTS,47,47.0000
HANOVER GALAXY,47,47.0000
HAWK CHILL,47,47.0000
SHANGHAI TYCOON,47,47.0000
SUSPECTS QUILLS,47,47.0000
ACE GOLDFINGER,48,47.3333
HEAVEN FREEDOM,48,47.6667
MIDSUMMER GROUNDHOG,48,48.0000
NOTTING SPEAKEASY,48,48.0000
ODDS BOOGIE,48,48.0000
PARADISE SABRINA,48,48.0000
PELICAN COMFORTS,48,48.0000
RUSH GOODFELLAS,48,48.0000
STEPMOM DREAM,48,48.0000
SUNSET RACER,48,48.0000
VALENTINE VANISHING,48,48.0000
DOORS PRESIDENT,49,48.3333
GROSSE WONDERFUL,49,48.6667
HEAVENLY GUN,49,49.0000
HOOK CHARIOTS,49,49.0000
HURRICANE AFFAIR,49,49.0000
ADAPTATION HOLES,50,49.3333
BLUES INSTINCT,50,49.6667
CROSSING DIVORCE,50,50.0000
LION UNCUT,50,50.0000
MUPPET MILE,50,50.0000
NATURAL STOCK,50,50.0000
PILOT HOOSIERS,50,50.0000
SMOKING BARBARELLA,50,50.0000
ZORRO ARK,50,50.0000
CHAMPION FLATLINERS,51,50.3333
DEEP CRUSADE,51,50.6667
ENGLISH BULWORTH,51,51.0000
EXCITEMENT EVE,51,51.0000
FRISCO FORREST,51,51.0000
HALL CASSIDY,51,51.0000
SIMON NORTH,51,51.0000
CADDYSHACK JEDI,52,51.3333
HARPER DYING,52,51.6667
LUST LOCK,52,52.0000
SIDE ARK,52,52.0000
SPARTACUS CHEAPER,52,52.0000
TROJAN TOMORROW,52,52.0000
WESTWARD SEABISCUIT,52,52.0000
BENEATH RUSH,53,52.3333
CABIN FLASH,53,52.6667
GUMP DATE,53,53.0000
MAGNIFICENT CHITTY,53,53.0000
MOVIE SHAKESPEARE,53,53.0000
PRIMARY GLASS,53,53.0000
SUMMER SCARFACE,53,53.0000
TEQUILA PAST,53,53.0000
THIN SAGEBRUSH,53,53.0000
AIRPORT POLLOCK,54,53.3333
GO PURPLE,54,53.6667
JUGGLER HARDLY,54,54.0000
KILL BROTHERHOOD,54,54.0000
OCTOBER SUBMARINE,54,54.0000
SENSE GREEK,54,54.0000
COAST RAINBOW,55,54.3333
WOLVES DESIRE,55,54.6667
BRIDE INTRIGUE,56,55.3333
CUPBOARD SINNERS,56,55.6667
DESTINY SATURDAY,56,56.0000
GOODFELLAS SALUTE,56,56.0000
MATRIX SNOWMAN,56,56.0000
ALTER VICTORY,57,56.3333
CRANES RESERVOIR,57,56.6667
DAWN POND,57,57.0000
DOCTOR GRAIL,57,57.0000
MOSQUITO ARMAGEDDON,57,57.0000
NOON PAPI,57,57.0000
STORM HAPPINESS,57,57.0000
CLOSER BANG,58,57.3333
DANCES NONE,58,57.6667
FANTASY TROOPERS,58,58.0000
JEKYLL FROGMEN,58,58.0000
OKLAHOMA JUMANJI,58,58.0000
RINGS HEARTBREAKERS,58,58.0000
SUPER WYOMING,58,58.0000
COMMANDMENTS EXPRESS,59,58.3333
DAUGHTER MADIGAN,59,58.6667
HEARTBREAKERS BRIGHT,59,59.0000
INTERVIEW LIAISONS,59,59.0000
JET NEIGHBORS,59,59.0000
LEGEND JEDI,59,59.0000
MINORITY KISS,59,59.0000
VISION TORQUE,59,59.0000
WHISPERER GIANT,59,59.0000
BUBBLE GROSSE,60,59.3333
JERSEY SASSY,60,59.6667
MOCKINGBIRD HOLLYWOOD,60,60.0000
PHANTOM GLORY,60,60.0000
PITY BOUND,60,60.0000
ROOM ROMAN,60,60.0000
SHAKESPEARE SADDLE,60,60.0000
SMILE EARRING,60,60.0000
BIRDS PERDITION,61,60.3333
BULWORTH COMMANDMENTS,61,60.6667
CAMELOT VACATION,61,61.0000
CASSIDY WYOMING,61,61.0000
CHINATOWN GLADIATOR,61,61.0000
DRIFTER COMMANDMENTS,61,61.0000
POLISH BROOKLYN,61,61.0000
RESERVOIR ADAPTATION,61,61.0000
TROUBLE DATE,61,61.0000
WATERFRONT DELIVERANCE,61,61.0000
AIRPLANE SIERRA,62,61.3333
ARABIA DOGMA,62,61.6667
HANGING DEEP,62,62.0000
MARS ROMAN,62,62.0000
SNOWMAN ROLLERCOASTER,62,62.0000
UNBREAKABLE KARATE,62,62.0000
ALADDIN CALENDAR,63,62.3333
BONNIE HOLOCAUST,63,62.6667
BORROWERS BEDAZZLED,63,63.0000
BOULEVARD MOB,63,63.0000
BUNCH MINDS,63,63.0000
DINOSAUR SECRETARY,63,63.0000
FORREST SONS,63,63.0000
INTOLERABLE INTENTIONS,63,63.0000
REUNION WITCHES,63,63.0000
CRAFT OUTFIELD,64,63.3333
DESERT POSEIDON,64,63.6667
METROPOLIS COMA,64,64.0000
MILE MULAN,64,64.0000
NOVOCAINE FLIGHT,64,64.0000
SLEEPLESS MONSOON,64,64.0000
TAXI KICK,64,64.0000
TRIP NEWTON,64,64.0000
VICTORY ACADEMY,64,64.0000
BARBARELLA STREETCAR,65,64.3333
CLUB GRAFFITI,65,64.6667
CONFESSIONS MAGUIRE,65,65.0000
FREDDY STORM,65,65.0000
HUNTING MUSKETEERS,65,65.0000
LOVELY JINGLE,65,65.0000
PATRIOT ROMAN,65,65.0000
CHARADE DUFFEL,66,65.3333
EVE RESURRECTION,66,65.6667
BUTCH PANTHER,67,66.3333
COMANCHEROS ENEMY,67,66.6667
EGG IGBY,67,67.0000
LADY STAGE,67,67.0000
LONELY ELEPHANT,67,67.0000
NORTH TEQUILA,67,67.0000
SHOOTIST SUPERFLY,67,67.0000
SILENCE KANE,67,67.0000
ARK RIDGEMONT,68,67.3333
DIVIDE MONSTER,68,67.6667
DOOM DANCING,68,68.0000
HUMAN GRAFFITI,68,68.0000
TOMATOES HELLFIGHTERS,68,68.0000
CRUELTY UNFORGIVEN,69,68.3333
FLYING HOOK,69,68.6667
HEAD STRANGER,69,69.0000
HOLLYWOOD ANONYMOUS,69,69.0000
LEBOWSKI SOLDIERS,69,69.0000
TIMBERLAND SKY,69,69.0000
CANDIDATE PERDITION,70,69.3333
CHANCE RESURRECTION,70,69.6667
CLUE GRAIL,70,70.0000
COLDBLOODED DARLING,70,70.0000
GUNFIGHT MOON,70,70.0000
LOUISIANA HARRY,70,70.0000
WEDDING APOLLO,70,70.0000
BLOOD ARGONAUTS,71,70.3333
CHARIOTS CONSPIRACY,71,70.6667
KNOCK WARLOCK,71,71.0000
MANNEQUIN WORST,71,71.0000
PRINCESS GIANT,71,71.0000
TEMPLE ATTRACTION,71,71.0000
TRAIN BUNCH,71,71.0000
BOWFINGER GABLES,72,71.3333
FICTION CHRISTMAS,72,71.6667
HARDLY ROBBERS,72,72.0000
MAUDE MOD,72,72.0000
BEDAZZLED MARRIED,73,72.3333
BRIGHT ENCOUNTERS,73,72.6667
BROTHERHOOD BLANKET,73,73.0000
FRIDA SLIPPER,73,73.0000
GODFATHER DIARY,73,73.0000
MUSKETEERS WAIT,73,73.0000
RANDOM GO,73,73.0000
REBEL AIRPORT,73,73.0000
SALUTE APOLLO,73,73.0000
STREETCAR INTENTIONS,73,73.0000
VALLEY PACKER,73,73.0000
WAKE JAWS,73,73.0000
ANGELS LIFE,74,73.3333
INFORMER DOUBLE,74,73.6667
JUMPING WRATH,74,74.0000
LUKE MUMMY,74,74.0000
MAGUIRE APACHE,74,74.0000
MODERN DORADO,74,74.0000
PEARL DESTINY,74,74.0000
RAINBOW SHOCK,74,74.0000
SILVERADO GOLDFINGER,74,74.0000
SNATCHERS MONTEZUMA,74,74.0000
TEEN APOLLO,74,74.0000
WORKING MICROCOSMOS,74,74.0000
BALLOON HOMEWARD,75,74.3333
CALIFORNIA BIRDS,75,74.6667
FIDDLER LOST,75,75.0000
HELLFIGHTERS SIERRA,75,75.0000
LOVER TRUMAN,75,75.0000
NETWORK PEAK,75,75.0000
NEWTON LABYRINTH,75,75.0000
SATISFACTION CONFIDENTIAL,75,75.0000
STAMPEDE DISTURBING,75,75.0000
WIZARD COLDBLOODED,75,75.0000
BOONDOCK BALLROOM,76,75.3333
COMFORTS RUSH,76,75.6667
DESIRE ALIEN,76,76.0000
DESTINATION JERK,76,76.0000
HAUNTED ANTITRUST,76,76.0000
ORANGE GRAPES,76,76.0000
VILLAIN DESPERATE,76,76.0000
BERETS AGENT,77,76.3333
ENEMY ODDS,77,76.6667
FELLOWSHIP AUTUMN,77,77.0000
MEMENTO ZOOLANDER,77,77.0000
MOD SECRETARY,77,77.0000
PICKUP DRIVING,77,77.0000
HOLIDAY GAMES,78,77.3333
INSIDER ARIZONA,78,77.6667
LANGUAGE COWBOY,78,78.0000
UNFAITHFUL KILL,78,78.0000
VOYAGE LEGALLY,78,78.0000
WATCH TRACY,78,78.0000
AMELIE HELLFIGHTERS,79,78.3333
ISHTAR ROCKETEER,79,78.6667
MOULIN WAKE,79,79.0000
SHOCK CABIN,79,79.0000
SPIKING ELEMENT,79,79.0000
WEREWOLF LOLA,79,79.0000
FLAMINGOS CONNECTICUT,80,79.3333
GARDEN ISLAND,80,79.6667
LOSER HUSTLER,80,80.0000
MEET CHOCOLATE,80,80.0000
PEAK FOREVER,80,80.0000
SADDLE ANTITRUST,80,80.0000
SEA VIRGIN,80,80.0000
SHAWSHANK BUBBLE,80,80.0000
TURN STAR,80,80.0000
WAR NOTTING,80,80.0000
CLASH FREDDY,81,80.3333
DESPERATE TRAINSPOTTING,81,80.6667
ROMAN PUNK,81,81.0000
ALONE TRIP,82,81.3333
ANYTHING SAVANNAH,82,81.6667
FROST HEAD,82,82.0000
PERFECT GROOVE,82,82.0000
RAIDERS ANTITRUST,82,82.0000
REIGN GENTLEMEN,82,82.0000
TYCOON GATHERING,82,82.0000
ATTRACTION NEWTON,83,82.3333
FUGITIVE MAGUIRE,83,82.6667
HUSTLER PARTY,83,83.0000
MOON BUNCH,83,83.0000
NONE SPIKING,83,83.0000
WARLOCK WEREWOLF,83,83.0000
DAISY MENAGERIE,84,83.3333
GONE TROUBLE,84,83.6667
GUYS FALCON,84,84.0000
HIGH ENCINO,84,84.0000
HONEY TIES,84,84.0000
IDOLS SNATCHERS,84,84.0000
ISLAND EXORCIST,84,84.0000
JEEPERS WEDDING,84,84.0000
PACKER MADIGAN,84,84.0000
PLUTO OLEANDER,84,84.0000
SAVANNAH TOWN,84,84.0000
SLING LUKE,84,84.0000
UPTOWN YOUNG,84,84.0000
AMISTAD MIDSUMMER,85,84.3333
BEVERLY OUTLAW,85,84.6667
BLACKOUT PRIVATE,85,85.0000
CANYON STOCK,85,85.0000
CASABLANCA SUPER,85,85.0000
EARTH VISION,85,85.0000
EGYPT TENENBAUMS,85,85.0000
ENDING CROWDS,85,85.0000
GHOST GROUNDHOG,85,85.0000
GRAIL FRANKENSTEIN,85,85.0000
LOLA AGENT,85,85.0000
OZ LIAISONS,85,85.0000
STAGE WORLD,85,85.0000
VARSITY TRIP,85,85.0000
WASTELAND DIVINE,85,85.0000
WINDOW SIDE,85,85.0000
WONKA SEA,85,85.0000
ACADEMY DINOSAUR,86,85.3333
ANNIE IDENTITY,86,85.6667
GANDHI KWAI,86,86.0000
MIDNIGHT WESTWARD,86,86.0000
YENTL IDAHO,86,86.0000
BANG KWAI,87,86.3333
CHEAPER CLYDE,87,86.6667
CONGENIALITY QUEST,87,87.0000
DEVIL DESIRE,87,87.0000
SLEUTH ORIENT,87,87.0000
TREATMENT JEKYLL,87,87.0000
DETAILS PACKER,88,87.3333
HOLY TADPOLE,88,87.6667
PURPLE MOVIE,88,88.0000
TERMINATOR CLUB,88,88.0000
BEAST HUNCHBACK,89,88.3333
BUTTERFLY CHOCOLAT,89,88.6667
DARES PLUTO,89,89.0000
GLEAMING JAWBREAKER,89,89.0000
PULP BEVERLY,89,89.0000
ROOTS REMEMBER,89,89.0000
BASIC EASY,90,89.3333
CIRCUS YOUTH,90,89.6667
FORWARD TEMPLE,90,90.0000
SECRET GROUNDHOG,90,90.0000
VERTIGO NORTHWEST,90,90.0000
ANTHEM LUKE,91,90.3333
FATAL HAUNTED,91,90.6667
FIGHT JAWBREAKER,91,91.0000
LICENSE WEEKEND,91,91.0000
TARZAN VIDEOTAPE,91,91.0000
TITANS JERK,91,91.0000
ANACONDA CONFESSIONS,92,91.3333
APACHE DIVINE,92,91.6667
CARIBBEAN LIBERTY,92,92.0000
CORE SUIT,92,92.0000
ENCOUNTERS CURTAIN,92,92.0000
KANE EXORCIST,92,92.0000
MYSTIC TRUMAN,92,92.0000
NATIONAL STORY,92,92.0000
OPPOSITE NECKLACE,92,92.0000
SUNDANCE INVASION,92,92.0000
TRUMAN CRAZY,92,92.0000
BILL OTHERS,93,92.3333
GOLDFINGER SENSIBILITY,93,92.6667
GREATEST NORTH,93,93.0000
HILLS NEIGHBORS,93,93.0000
PANKY SUBMARINE,93,93.0000
SHANE DARKNESS,93,93.0000
STING PERSONAL,93,93.0000
SUICIDES SILENCE,93,93.0000
ALICE FANTASIA,94,93.3333
DISTURBING SCARFACE,94,93.6667
FULL FLATLINERS,94,94.0000
STONE FIRE,94,94.0000
CLUELESS BUCKET,95,94.3333
HORN WORKING,95,94.6667
DRUMS DYNAMITE,96,95.3333
EARLY HOME,96,95.6667
EXPENDABLE STALLION,97,96.3333
INVASION CYCLONE,97,96.6667
LUCKY FLYING,97,97.0000
REAR TRADING,97,97.0000
BOUND CHEAPER,98,97.3333
EARRING INSTINCT,98,97.6667
FEUD FROGMEN,98,98.0000
LOST BIRD,98,98.0000
MADRE GABLES,98,98.0000
PREJUDICE OLEANDER,98,98.0000
SENSIBILITY REAR,98,98.0000
WISDOM WORKER,98,98.0000
ARMAGEDDON LOST,99,98.3333
DARKNESS WAR,99,98.6667
FRENCH HOLIDAY,99,99.0000
PATIENT SISTER,99,99.0000
PERDITION FARGO,99,99.0000
PET HAUNTING,99,99.0000
SABRINA MIDNIGHT,99,99.0000
TENENBAUMS COMMAND,99,99.0000
BEHAVIOR RUNAWAY,100,99.3333
BILKO ANONYMOUS,100,99.6667
DELIVERANCE MULHOLLAND,100,100.0000
DIVINE RESURRECTION,100,100.0000
FLATLINERS KILLER,100,100.0000
GUN BONNIE,100,100.0000
HAPPINESS UNITED,100,100.0000
HYDE DOCTOR,100,100.0000
PIRATES ROXANNE,100,100.0000
PUNK DIVORCE,100,100.0000
WITCHES PANIC,100,100.0000
WYOMING STORM,100,100.0000
CHOCOLAT HARRY,101,100.3333
CIDER DESIRE,101,100.6667
DWARFS ALTER,101,101.0000
GHOSTBUSTERS ELF,101,101.0000
ROOF CHAMPION,101,101.0000
RUNNER MADIGAN,101,101.0000
ZOOLANDER FICTION,101,101.0000
BOILED DARES,102,101.3333
FALCON VOLUME,102,101.6667
GIANT TROOPERS,102,102.0000
HEAVYWEIGHTS BEAST,102,102.0000
JEOPARDY ENCINO,102,102.0000
OPUS ICE,102,102.0000
PANIC CLUB,102,102.0000
ROBBERS JOON,102,102.0000
ROCK INSTINCT,102,102.0000
SCARFACE BANG,102,102.0000
TREASURE COMMAND,102,102.0000
BIRDCAGE CASPER,103,102.3333
BLINDNESS GUN,103,102.6667
FIREHOUSE VIETNAM,103,103.0000
GLASS DYING,103,103.0000
HOMEWARD CIDER,103,103.0000
IMPOSSIBLE PREJUDICE,103,103.0000
MOTHER OLEANDER,103,103.0000
PINOCCHIO SIMON,103,103.0000
STRANGELOVE DESIRE,103,103.0000
CROW GREASE,104,103.3333
DATE SPEED,104,103.6667
FEATHERS METAL,104,104.0000
MERMAID INSECTS,104,104.0000
SHIP WONDERLAND,104,104.0000
TITANIC BOONDOCK,104,104.0000
HUNGER ROOF,105,104.3333
JOON NORTHWEST,105,104.6667
MICROCOSMOS PARADISE,105,105.0000
MOB DUFFEL,105,105.0000
WON DARES,105,105.0000
ZHIVAGO CORE,105,105.0000
BED HIGHBALL,106,105.3333
DALMATIONS SWEDEN,106,105.6667
DEER VIRGINIAN,106,106.0000
GASLIGHT CRUSADE,106,106.0000
PRIVATE DROP,106,106.0000
SAGEBRUSH CLUELESS,106,106.0000
CHITTY LOCK,107,106.3333
DIARY PANIC,107,106.6667
EFFECT GLADIATOR,107,107.0000
HANKY OCTOBER,107,107.0000
HATE HANDICAP,107,107.0000
INTENTIONS EMPIRE,107,107.0000
MONSTER SPARTACUS,107,107.0000
PARTY KNOCK,107,107.0000
UNDEFEATED DALMATIONS,107,107.0000
WANDA CHAMBER,107,107.0000
AUTUMN CROW,108,107.3333
GORGEOUS BINGO,108,107.6667
HANDICAP BOONDOCK,108,108.0000
LORD ARIZONA,108,108.0000
SWEETHEARTS SUSPECTS,108,108.0000
COMA HEAD,109,108.3333
HOUSE DYNAMITE,109,108.6667
PANTHER REDS,109,109.0000
PARK CITIZEN,109,109.0000
RUGRATS SHAKESPEARE,109,109.0000
SECRETS PARADISE,109,109.0000
WHALE BIKINI,109,109.0000
CELEBRITY HORN,110,109.3333
DRUMLINE CYCLONE,110,109.6667
HIGHBALL POTTER,110,110.0000
LEAGUE HELLFIGHTERS,110,110.0000
REMEMBER DIARY,110,110.0000
SAMURAI LION,110,110.0000
SEATTLE EXPECATIONS,110,110.0000
SNATCH SLIPPER,110,110.0000
TRAP GUYS,110,110.0000
FROGMEN BREAKING,111,110.3333
GROOVE FICTION,111,110.6667
SIEGE MADRE,111,111.0000
SUIT WALLS,111,111.0000
TIES HUNGER,111,111.0000
WIND PHANTOM,111,111.0000
WONDERLAND CHRISTMAS,111,111.0000
CAT CONEHEADS,112,111.3333
CONEHEADS SMOOCHY,112,111.6667
CONVERSATION DOWNHILL,112,112.0000
CROWDS TELEMARK,112,112.0000
CRUSADE HONEY,112,112.0000
FORRESTER COMANCHEROS,112,112.0000
JAWS HARRY,112,112.0000
QUILLS BULL,112,112.0000
SEABISCUIT PUNK,112,112.0000
SPY MILE,112,112.0000
STAGECOACH ARMAGEDDON,112,112.0000
WAIT CIDER,112,112.0000
WATERSHIP FRONTIER,112,112.0000
AMADEUS HOLY,113,112.3333
ATTACKS HATE,113,112.6667
BANGER PINOCCHIO,113,113.0000
DAY UNFAITHFUL,113,113.0000
LADYBUGS ARMAGEDDON,113,113.0000
LEGALLY SECRETARY,113,113.0000
SHEPHERD MIDSUMMER,113,113.0000
STATE WASTELAND,113,113.0000
ALABAMA DEVIL,114,113.3333
BLADE POLISH,114,113.6667
CARRIE BUNCH,114,114.0000
CHAINSAW UPTOWN,114,114.0000
CHASING FIGHT,114,114.0000
GILBERT PELICAN,114,114.0000
MARRIED GO,114,114.0000
PRIDE ALAMO,114,114.0000
SUGAR WONKA,114,114.0000
SUPERFLY TRIP,114,114.0000
CONNECTION MICROCOSMOS,115,114.3333
ELEMENT FREDDY,115,114.6667
GLORY TRACY,115,115.0000
OSCAR GOLD,115,115.0000
POTTER CONNECTICUT,115,115.0000
PRIX UNDEFEATED,115,115.0000
TROOPERS METAL,115,115.0000
DUCK RACER,116,115.3333
INSTINCT AIRPORT,116,115.6667
MADIGAN DORADO,116,116.0000
WORDS HUNTER,116,116.0000
AFFAIR PREJUDICE,117,116.3333
CHAMBER ITALIAN,117,116.6667
GRAFFITI LOVE,117,117.0000
MAGIC MALLRATS,117,117.0000
RESURRECTION SILVERADO,117,117.0000
BACKLASH UNDEFEATED,118,117.3333
FIDELITY DEVIL,118,117.6667
JAWBREAKER BROOKLYN,118,118.0000
ORIENT CLOSER,118,118.0000
OTHERS SOUP,118,118.0000
PATHS CONTROL,118,118.0000
PERSONAL LADYBUGS,118,118.0000
ROUGE SQUAD,118,118.0000
APOCALYPSE FLAMINGOS,119,118.3333
BUGSY SONG,119,118.6667
DUMBO LUST,119,119.0000
GAMES BOWFINGER,119,119.0000
IDENTITY LOVER,119,119.0000
STRANGERS GRAFFITI,119,119.0000
CALENDAR GUNFIGHT,120,119.3333
COMMAND DARLING,120,119.6667
DAZED PUNK,120,120.0000
DOLLS RAGE,120,120.0000
KARATE MOON,120,120.0000
LOCK REAR,120,120.0000
ORDER BETRAYED,120,120.0000
RAGE GAMES,120,120.0000
UNTOUCHABLES SUNRISE,120,120.0000
ARIZONA BANG,121,120.3333
BOOGIE AMELIE,121,120.6667
BRANNIGAN SUNRISE,121,121.0000
DANGEROUS UPTOWN,121,121.0000
HARRY IDAHO,121,121.0000
JUMANJI BLADE,121,121.0000
PARIS WEEKEND,121,121.0000
PURE RUNNER,121,121.0000
BEACH HEARTBREAKERS,122,121.3333
BETRAYED REAR,122,121.6667
CHICKEN HELLFIGHTERS,122,122.0000
CONFUSED CANDLES,122,122.0000
DECEIVER BETRAYED,122,122.0000
DOGMA FAMILY,122,122.0000
EXTRAORDINARY CONQUERER,122,122.0000
HOURS RAGE,122,122.0000
ILLUSION AMELIE,122,122.0000
MIGHTY LUCK,122,122.0000
VANILLA DAY,122,122.0000
BREAKFAST GOLDFINGER,123,122.3333
FLASH WARS,123,122.6667
INSECTS STONE,123,123.0000
MASK PEACH,123,123.0000
REEF SALUTE,123,123.0000
SWARM GOLD,123,123.0000
VANISHING ROCKY,123,123.0000
CHISUM BEHAVIOR,124,123.3333
CLONES PINOCCHIO,124,123.6667
JINGLE SAGEBRUSH,124,124.0000
SPEED SUIT,124,124.0000
BULL SHAWSHANK,125,124.3333
DONNIE ALLEY,125,124.6667
FISH OPUS,125,125.0000
GENTLEMEN STAGE,125,125.0000
HUNTER ALTER,125,125.0000
SAINTS BRIDE,125,125.0000
SHINING ROSES,125,125.0000
ALAMO VIDEOTAPE,126,125.3333
ELEPHANT TROJAN,126,125.6667
FREAKY POCUS,126,126.0000
MONTEZUMA COMMAND,126,126.0000
PAJAMA JAWBREAKER,126,126.0000
SINNERS ATLANTIS,126,126.0000
VAMPIRE WHALE,126,126.0000
WOMEN DORADO,126,126.0000
WONDERFUL DROP,126,126.0000
ARGONAUTS TOWN,127,126.3333
GUNFIGHTER MUSSOLINI,127,126.6667
MALTESE HOPE,127,127.0000
SEVEN SWARM,127,127.0000
SUBMARINE BED,127,127.0000
GALAXY SWEETHEARTS,128,127.3333
HOLES BRANNIGAN,128,127.6667
JEDI BENEATH,128,128.0000
NOTORIOUS REUNION,128,128.0000
PAPI NECKLACE,128,128.0000
USUAL UNTOUCHABLES,128,128.0000
WARS PLUTO,128,128.0000
AMERICAN CIRCUS,129,128.3333
BAREFOOT MANCHURIAN,129,128.6667
GOSFORD DONNIE,129,129.0000
MUSIC BOONDOCK,129,129.0000
OUTFIELD MASSACRE,129,129.0000
SLEEPING SUSPECTS,129,129.0000
UNFORGIVEN ZOOLANDER,129,129.0000
AFRICAN EGG,130,129.3333
DARKO DORADO,130,129.6667
FARGO GANDHI,130,130.0000
JASON TRAP,130,130.0000
MAJESTIC FLOATS,130,130.0000
STALLION SUNDANCE,130,130.0000
FANTASIA PARK,131,130.3333
FOREVER CANDIDATE,131,130.6667
ICE CROSSING,131,131.0000
NEMO CAMPUS,131,131.0000
OPEN AFRICAN,131,131.0000
CHOCOLATE DUCK,132,131.3333
DUDE BLINDNESS,132,131.6667
NECKLACE OUTBREAK,132,132.0000
PLATOON INSTINCT,132,132.0000
SKY MIRACLE,132,132.0000
STREAK RIDGEMONT,132,132.0000
TRAINSPOTTING STRANGERS,132,132.0000
VOLUME HOUSE,132,132.0000
BUCKET BROTHERHOOD,133,132.3333
CURTAIN VIDEOTAPE,133,132.6667
DRAGONFLY STRANGERS,133,133.0000
FREEDOM CLEOPATRA,133,133.0000
MALLRATS UNITED,133,133.0000
JUNGLE CLOSER,134,133.3333
PITTSBURGH HUNCHBACK,134,133.6667
ROBBERY BRIGHT,134,134.0000
SPLENDOR PATTON,134,134.0000
WEEKEND PERSONAL,134,134.0000
CANDLES GRAPES,135,134.3333
DREAM PICKUP,135,134.6667
GREASE YOUTH,135,135.0000
INDIAN LOVE,135,135.0000
JAPANESE RUN,135,135.0000
MONEY HAROLD,135,135.0000
SIERRA DIVIDE,135,135.0000
SUNRISE LEAGUE,135,135.0000
THIEF PELICAN,135,135.0000
WALLS ARTIST,135,135.0000
ALASKA PHANTOM,136,135.3333
BRINGING HYSTERICAL,136,135.6667
CRAZY HOME,136,136.0000
HOLLOW JEOPARDY,136,136.0000
MAKER GABLES,136,136.0000
PIANIST OUTFIELD,136,136.0000
REAP UNFAITHFUL,136,136.0000
SQUAD FISH,136,136.0000
TOWN ARK,136,136.0000
ARSENIC INDEPENDENCE,137,136.3333
GRIT CLOCKWORK,137,136.6667
LIFE TWISTED,137,137.0000
LOSE INCH,137,137.0000
PHILADELPHIA WIFE,137,137.0000
POLLOCK DELIVERANCE,137,137.0000
SCORPION APOLLO,137,137.0000
SLEEPY JAPANESE,137,137.0000
WILLOW TRACY,137,137.0000
EXPECATIONS NATURAL,138,137.3333
LIBERTY MAGNIFICENT,138,137.6667
MAIDEN HOME,138,138.0000
POCUS PULP,138,138.0000
SPINAL ROCKY,138,138.0000
SPIRITED CASUALTIES,138,138.0000
CLYDE THEORY,139,138.3333
CREATURES SHAKESPEARE,139,138.6667
DORADO NOTTING,139,139.0000
GROUNDHOG UNCUT,139,139.0000
HOPE TOOTSIE,139,139.0000
HORROR REIGN,139,139.0000
SHRUNK DIVINE,139,139.0000
STRANGER STRANGERS,139,139.0000
TRAFFIC HOBBIT,139,139.0000
VOICE PEACH,139,139.0000
WORKER TARZAN,139,139.0000
EAGLES PANKY,140,139.3333
GRACELAND DYNAMITE,140,139.6667
LIAISONS SWEET,140,140.0000
LOATHING LEGALLY,140,140.0000
STEERS ARMAGEDDON,140,140.0000
DISCIPLE MOTHER,141,140.3333
DYNAMITE TARZAN,141,140.6667
HOCUS FRIDA,141,141.0000
HOMICIDE PEACH,141,141.0000
KISSING DOLLS,141,141.0000
SPICE SORORITY,141,141.0000
SUN CONFESSIONS,141,141.0000
BIKINI BORROWERS,142,141.3333
CHILL LUCK,142,141.6667
FERRIS MOTHER,142,142.0000
MILLION ACE,142,142.0000
TOMORROW HUSTLER,142,142.0000
TRACY CIDER,142,142.0000
VANISHED GARDEN,142,142.0000
CINCINATTI WHISPERER,143,142.3333
CLOCKWORK PARADISE,143,142.6667
CROOKED FROGMEN,143,143.0000
DETECTIVE VISION,143,143.0000
ENCINO ELF,143,143.0000
SOUTH WAIT,143,143.0000
STEEL SANTA,143,143.0000
DANCING FEVER,144,143.3333
FACTORY DRAGON,144,143.6667
LAMBS CINCINATTI,144,144.0000
PACIFIC AMISTAD,144,144.0000
PRESIDENT BANG,144,144.0000
STRICTLY SCARFACE,144,144.0000
TOWERS HURRICANE,144,144.0000
VIRTUAL SPOILERS,144,144.0000
FLOATS GARDEN,145,144.3333
NUTS TIES,145,144.6667
PAYCHECK WAIT,145,145.0000
ROCKY WAR,145,145.0000
RUN PACIFIC,145,145.0000
VACATION BOONDOCK,145,145.0000
VIDEOTAPE ARSENIC,145,145.0000
CHAPLIN LICENSE,146,145.3333
COWBOY DOOM,146,145.6667
HALF OUTFIELD,146,146.0000
HAMLET WISDOM,146,146.0000
MOURNING PURPLE,146,146.0000
ARACHNOPHOBIA ROLLERCOASTER,147,146.3333
DIRTY ACE,147,146.6667
LIES TREATMENT,147,147.0000
MADISON TRAP,147,147.0000
MENAGERIE RUSHMORE,147,147.0000
RACER EGG,147,147.0000
RANGE MOONWALKER,147,147.0000
SCISSORHANDS SLUMS,147,147.0000
SLUMS DUCK,147,147.0000
ARMY FLINTSTONES,148,147.3333
BLANKET BEVERLY,148,147.6667
EASY GLADIATOR,148,148.0000
FIREBALL PHILADELPHIA,148,148.0000
FLINTSTONES HAPPINESS,148,148.0000
OUTLAW HANKY,148,148.0000
TELEGRAPH VOYAGE,148,148.0000
COLOR PHILADELPHIA,149,148.3333
HOLOCAUST HIGHBALL,149,148.6667
MINDS TRUMAN,149,149.0000
NIGHTMARE CHILL,149,149.0000
RIVER OUTLAW,149,149.0000
SPIRIT FLINTSTONES,149,149.0000
ALI FOREVER,150,149.3333
BINGO TALENTED,150,149.6667
CHRISTMAS MOONSHINE,150,150.0000
CLEOPATRA DEVIL,150,150.0000
GRINCH MASSAGE,150,150.0000
HYSTERICAL GRAIL,150,150.0000
RUSHMORE MERMAID,150,150.0000
SATURDAY LAMBS,150,150.0000
BEETHOVEN EXORCIST,151,150.3333
CAROL TEXAS,151,150.6667
HUNCHBACK IMPOSSIBLE,151,151.0000
MASKED BUBBLE,151,151.0000
SCHOOL JACKET,151,151.0000
SPOILERS HELLFIGHTERS,151,151.0000
STRAIGHT HOURS,151,151.0000
CENTER DINOSAUR,152,151.3333
ELIZABETH SHANE,152,151.6667
LUCK OPUS,152,152.0000
SISTER FREDDY,152,152.0000
TELEMARK HEARTBREAKERS,152,152.0000
TOURIST PELICAN,152,152.0000
TUXEDO MILE,152,152.0000
TWISTED PIRATES,152,152.0000
WAGON JAWS,152,152.0000
APOLLO TEEN,153,152.3333
BABY HALL,153,152.6667
CROSSROADS CASUALTIES,153,153.0000
EDGE KISSING,153,153.0000
GOLDMINE TYCOON,153,153.0000
LEATHERNECKS DWARFS,153,153.0000
RIGHT CRANES,153,153.0000
ROLLERCOASTER BRINGING,153,153.0000
RULES HUMAN,153,153.0000
DOUBTFIRE LABYRINTH,154,153.3333
DURHAM PANKY,154,153.6667
GOLD RIVER,154,154.0000
RAGING AIRPLANE,154,154.0000
SANTA PARIS,154,154.0000
SASSY PACKER,154,154.0000
SHREK LICENSE,154,154.0000
ELF MURDER,155,154.3333
FAMILY SWEET,155,154.6667
GRAPES FURY,155,155.0000
LOLITA WORLD,155,155.0000
PSYCHO SHRUNK,155,155.0000
TADPOLE PARK,155,155.0000
FINDING ANACONDA,156,155.3333
GRADUATE LORD,156,155.6667
OPERATION OPERATION,156,156.0000
SLIPPER FIDELITY,156,156.0000
HOBBIT ALIEN,157,156.3333
INDEPENDENCE HOTEL,157,156.6667
MULHOLLAND BEAST,157,157.0000
PAST SUICIDES,157,157.0000
TOOTSIE PILOT,157,157.0000
VOLCANO TEXAS,157,157.0000
ENOUGH RAGING,158,157.3333
FEVER EMPIRE,158,157.6667
FOOL MOCKINGBIRD,158,158.0000
MONTEREY LABYRINTH,158,158.0000
ROAD ROXANNE,158,158.0000
SECRETARY ROUGE,158,158.0000
DRIVER ANNIE,159,158.3333
FRANKENSTEIN STRANGER,159,158.6667
MALKOVICH PET,159,159.0000
NEWSIES STORY,159,159.0000
POSEIDON FOREVER,159,159.0000
WEST LION,159,159.0000
BEAR GRACELAND,160,159.3333
IGBY MAKER,160,159.6667
MULAN MOON,160,160.0000
MUMMY CREATURES,160,160.0000
PEACH INNOCENT,160,160.0000
STOCK GLASS,160,160.0000
BROOKLYN DESERT,161,160.3333
DADDY PITTSBURGH,161,160.6667
GABLES METROPOLIS,161,161.0000
KILLER INNOCENT,161,161.0000
MASSAGE IMAGE,161,161.0000
METAL ARMAGEDDON,161,161.0000
NEIGHBORS CHARADE,161,161.0000
OLEANDER CLUE,161,161.0000
WASH HEAVENLY,161,161.0000
BADMAN DAWN,162,161.3333
BIRCH ANTITRUST,162,161.6667
LOVERBOY ATTACKS,162,162.0000
MIRACLE VIRTUAL,162,162.0000
ROSES TREASURE,162,162.0000
BIRD INDEPENDENCE,163,162.3333
CASPER DRAGONFLY,163,162.6667
EVERYONE CRAFT,163,163.0000
GILMORE BOILED,163,163.0000
KISS GLORY,163,163.0000
QUEEN LUKE,163,163.0000
STORY SIDE,163,163.0000
CLERKS ANGELS,164,163.3333
MISSION ZOOLANDER,164,163.6667
UNITED PILOT,164,164.0000
VIRGINIAN PLUTO,164,164.0000
CITIZEN SHREK,165,164.3333
DARLING BREAKING,165,164.6667
MASSACRE USUAL,165,165.0000
SONG HEDWIG,165,165.0000
SPEAKEASY DATE,165,165.0000
CONTACT ANONYMOUS,166,165.3333
GREEDY ROOTS,166,165.6667
MINE TITANS,166,166.0000
MOTIONS DETAILS,166,166.0000
MURDER ANTITRUST,166,166.0000
CAMPUS REMEMBER,167,166.3333
ESCAPE METROPOLIS,167,166.6667
EXORCIST STING,167,167.0000
INCH JET,167,167.0000
LESSON CLEOPATRA,167,167.0000
REQUIEM TYCOON,167,167.0000
SHOW LORD,167,167.0000
ANTITRUST TOMATOES,168,167.3333
DYING MAKER,168,167.6667
HAROLD FRENCH,168,168.0000
TRANSLATION SUMMER,168,168.0000
AGENT TRUMAN,169,168.3333
BREAKING HOME,169,168.6667
HEDWIG ALTER,169,169.0000
KENTUCKIAN GIANT,169,169.0000
OUTBREAK DIVINE,169,169.0000
SOUP WISDOM,169,169.0000
ARTIST COLDBLOODED,170,169.3333
ATLANTIS CAUSE,170,169.6667
DRAGON SQUAD,170,170.0000
TRADING PINOCCHIO,170,170.0000
DUFFEL APOCALYPSE,171,170.3333
JERICHO MULAN,171,170.6667
KRAMER CHOCOLATE,171,171.0000
MAGNOLIA FORRESTER,171,171.0000
MOONSHINE CABIN,171,171.0000
ROXANNE REBEL,171,171.0000
TRAMP OTHERS,171,171.0000
WORLD LEATHERNECKS,171,171.0000
CONNECTICUT TRAMP,172,171.3333
CREEPERS KANE,172,171.6667
EYES DRIVING,172,172.0000
IDAHO LOVE,172,172.0000
JERK PAYCHECK,172,172.0000
NORTHWEST POLISH,172,172.0000
TIGHTS DAWN,172,172.0000
UNCUT SUICIDES,172,172.0000
BALLROOM MOCKINGBIRD,173,172.3333
CONQUERER NUTS,173,172.6667
FIRE WOLVES,173,173.0000
GLADIATOR WESTWARD,173,173.0000
PIZZA JUMANJI,173,173.0000
TALENTED HOMICIDE,173,173.0000
VELVET TERMINATOR,173,173.0000
EVOLUTION ALTER,174,173.3333
ITALIAN AFRICAN,174,173.6667
JADE BUNCH,174,174.0000
LIGHTS DEER,174,174.0000
UPRISING UPTOWN,174,174.0000
VIETNAM SMOOCHY,174,174.0000
BEAUTY GREASE,175,174.3333
DRIVING POLISH,175,174.6667
LAWRENCE LOVE,175,175.0000
MODEL FISH,175,175.0000
PATTON INTERVIEW,175,175.0000
SPLASH GUMP,175,175.0000
BRAVEHEART HUMAN,176,175.3333
CAPER MOTIONS,176,175.6667
CYCLONE FAMILY,176,176.0000
DRACULA CRYSTAL,176,176.0000
ENTRAPMENT SATISFACTION,176,176.0000
GATHERING CALENDAR,176,176.0000
GREEK EVERYONE,176,176.0000
HOOSIERS BIRDCAGE,176,176.0000
SWEDEN SHINING,176,176.0000
WRATH MILE,176,176.0000
DOUBLE WRATH,177,176.3333
DOZEN LION,177,176.6667
EMPIRE MALKOVICH,177,177.0000
MANCHURIAN CURTAIN,177,177.0000
QUEST MUSSOLINI,177,177.0000
RIDER CADDYSHACK,177,177.0000
DROP WATERFRONT,178,177.3333
EXPRESS LONELY,178,177.6667
FURY MURDER,178,178.0000
IMAGE PRINCESS,178,178.0000
INNOCENT USUAL,178,178.0000
MADNESS ATTACKS,178,178.0000
NAME DETECTIVE,178,178.0000
ROCKETEER MOTHER,178,178.0000
WARDROBE PHANTOM,178,178.0000
WRONG BEHAVIOR,178,178.0000
ANONYMOUS HUMAN,179,178.3333
BORN SPINAL,179,178.6667
CASUALTIES ENCINO,179,179.0000
CAUSE DATE,179,179.0000
FLIGHT LIES,179,179.0000
KICK SAVANNAH,179,179.0000
POTLUCK MIXED,179,179.0000
REDEMPTION COMFORTS,179,179.0000
SLACKER LIAISONS,179,179.0000
TEXAS WATCH,179,179.0000
TORQUE BOUND,179,179.0000
VIRGIN DAISY,179,179.0000
YOUTH KICK,179,179.0000
ALLEY EVOLUTION,180,179.3333
CONFIDENTIAL INTERVIEW,180,179.6667
IMPACT ALADDIN,180,180.0000
MIXED DOORS,180,180.0000
MUSSOLINI SPOILERS,180,180.0000
NASH CHOCOLAT,180,180.0000
SOMETHING DUCK,180,180.0000
ANALYZE HOOSIERS,181,180.3333
HAUNTING PIANIST,181,180.6667
HOTEL HAPPINESS,181,181.0000
INTRIGUE WORST,181,181.0000
JACKET FRISCO,181,181.0000
LAWLESS VISION,181,181.0000
LOVE SUICIDES,181,181.0000
RUNAWAY TENENBAUMS,181,181.0000
STAR OPERATION,181,181.0000
WILD APOLLO,181,181.0000
BAKED CLEOPATRA,182,181.3333
MONSOON CAUSE,182,181.6667
RECORDS ZORRO,182,182.0000
REDS POCUS,182,182.0000
SATURN NAME,182,182.0000
SEARCHERS WAIT,182,182.0000
CATCH AMISTAD,183,182.3333
FRONTIER CABIN,183,182.6667
SCALAWAG DUCK,183,183.0000
WIFE TURN,183,183.0000
YOUNG LANGUAGE,183,183.0000
CONSPIRACY SPIRIT,184,183.3333
CRYSTAL BREAKING,184,183.6667
KING EVOLUTION,184,184.0000
MOONWALKER FOOL,184,184.0000
SMOOCHY CONTROL,184,184.0000
SONS INTERVIEW,184,184.0000
SORORITY QUEEN,184,184.0000
THEORY MERMAID,184,184.0000
CHICAGO NORTH,185,184.3333
CONTROL ANTHEM,185,184.6667
DARN FORRESTER,185,185.0000
GANGS PRIDE,185,185.0000
HOME PITY,185,185.0000
MUSCLE BRIGHT,185,185.0000
POND SEATTLE,185,185.0000
SOLDIERS EVOLUTION,185,185.0000
SWEET BROTHERHOOD,185,185.0000
WORST BANGER,185,185.0000
