title,length,cumulative_length
ALIEN CENTER,46,46
IRON MOON,46,92
KWAI HOMEWARD,46,138
LABYRINTH LEAGUE,46,184
RIDGEMONT SUBMARINE,46,230
DIVORCE SHINING,47,277
DOWNHILL ENOUGH,47,324
HALLOWEEN NUTS,47,371
HANOVER GALAXY,47,418
HAWK CHILL,47,465
SHANGHAI TYCOON,47,512
SUSPECTS QUILLS,47,559
ACE GOLDFINGER,48,607
HEAVEN FREEDOM,48,655
MIDSUMMER GROUNDHOG,48,703
NOTTING SPEAKEASY,48,751
ODDS BOOGIE,48,799
PARADISE SABRINA,48,847
PELICAN COMFORTS,48,895
RUSH GOODFELLAS,48,943
STEPMOM DREAM,48,991
SUNSET RACER,48,1039
VALENTINE VANISHING,48,1087
DOORS PRESIDENT,49,1136
GROSSE WONDERFUL,49,1185
HEAVENLY GUN,49,1234
HOOK CHARIOTS,49,1283
HURRICANE AFFAIR,49,1332
ADAPTATION HOLES,50,1382
BLUES INSTINCT,50,1432
CROSSING DIVORCE,50,1482
LION UNCUT,50,1532
MUPPET MILE,50,1582
NATURAL STOCK,50,1632
PILOT HOOSIERS,50,1682
SMOKING BARBARELLA,50,1732
ZORRO ARK,50,1782
CHAMPION FLATLINERS,51,1833
DEEP CRUSADE,51,1884
ENGLISH BULWORTH,51,1935
EXCITEMENT EVE,51,1986
FRISCO FORREST,51,2037
HALL CASSIDY,51,2088
SIMON NORTH,51,2139
CADDYSHACK JEDI,52,2191
HARPER DYING,52,2243
LUST LOCK,52,2295
SIDE ARK,52,2347
SPARTACUS CHEAPER,52,2399
TROJAN TOMORROW,52,2451
WESTWARD SEABISCUIT,52,2503
BENEATH RUSH,53,2556
CABIN FLASH,53,2609
GUMP DATE,53,2662
MAGNIFICENT CHITTY,53,2715
MOVIE SHAKESPEARE,53,2768
PRIMARY GLASS,53,2821
SUMMER SCARFACE,53,2874
TEQUILA PAST,53,2927
THIN SAGEBRUSH,53,2980
AIRPORT POLLOCK,54,3034
GO PURPLE,54,3088
JUGGLER HARDLY,54,3142
KILL BROTHERHOOD,54,3196
OCTOBER SUBMARINE,54,3250
SENSE GREEK,54,3304
COAST RAINBOW,55,3359
WOLVES DESIRE,55,3414
BRIDE INTRIGUE,56,3470
CUPBOARD SINNERS,56,3526
DESTINY SATURDAY,56,3582
GOODFELLAS SALUTE,56,3638
MATRIX SNOWMAN,56,3694
ALTER VICTORY,57,3751
CRANES RESERVOIR,57,3808
DAWN POND,57,3865
DOCTOR GRAIL,57,3922
MOSQUITO ARMAGEDDON,57,3979
NOON PAPI,57,4036
STORM HAPPINESS,57,4093
CLOSER BANG,58,4151
DANCES NONE,58,4209
FANTASY TROOPERS,58,4267
JEKYLL FROGMEN,58,4325
OKLAHOMA JUMANJI,58,4383
RINGS HEARTBREAKERS,58,4441
SUPER WYOMING,58,4499
COMMANDMENTS EXPRESS,59,4558
DAUGHTER MADIGAN,59,4617
HEARTBREAKERS BRIGHT,59,4676
INTERVIEW LIAISONS,59,4735
JET NEIGHBORS,59,4794
LEGEND JEDI,59,4853
MINORITY KISS,59,4912
VISION TORQUE,59,4971
WHISPERER GIANT,59,5030
BUBBLE GROSSE,60,5090
JERSEY SASSY,60,5150
MOCKINGBIRD HOLLYWOOD,60,5210
PHANTOM GLORY,60,5270
PITY BOUND,60,5330
ROOM ROMAN,60,5390
SHAKESPEARE SADDLE,60,5450
SMILE EARRING,60,5510
BIRDS PERDITION,61,5571
BULWORTH COMMANDMENTS,61,5632
CAMELOT VACATION,61,5693
CASSIDY WYOMING,61,5754
CHINATOWN GLADIATOR,61,5815
DRIFTER COMMANDMENTS,61,5876
POLISH BROOKLYN,61,5937
RESERVOIR ADAPTATION,61,5998
TROUBLE DATE,61,6059
WATERFRONT DELIVERANCE,61,6120
AIRPLANE SIERRA,62,6182
ARABIA DOGMA,62,6244
HANGING DEEP,62,6306
MARS ROMAN,62,6368
SNOWMAN ROLLERCOASTER,62,6430
UNBREAKABLE KARATE,62,6492
ALADDIN CALENDAR,63,6555
BONNIE HOLOCAUST,63,6618
BORROWERS BEDAZZLED,63,6681
BOULEVARD MOB,63,6744
BUNCH MINDS,63,6807
DINOSAUR SECRETARY,63,6870
FORREST SONS,63,6933
INTOLERABLE INTENTIONS,63,6996
REUNION WITCHES,63,7059
CRAFT OUTFIELD,64,7123
DESERT POSEIDON,64,7187
METROPOLIS COMA,64,7251
MILE MULAN,64,7315
NOVOCAINE FLIGHT,64,7379
SLEEPLESS MONSOON,64,7443
TAXI KICK,64,7507
TRIP NEWTON,64,7571
VICTORY ACADEMY,64,7635
BARBARELLA STREETCAR,65,7700
CLUB GRAFFITI,65,7765
CONFESSIONS MAGUIRE,65,7830
FREDDY STORM,65,7895
HUNTING MUSKETEERS,65,7960
LOVELY JINGLE,65,8025
PATRIOT ROMAN,65,8090
CHARADE DUFFEL,66,8156
EVE RESURRECTION,66,8222
BUTCH PANTHER,67,8289
COMANCHEROS ENEMY,67,8356
EGG IGBY,67,8423
LADY STAGE,67,8490
LONELY ELEPHANT,67,8557
NORTH TEQUILA,67,8624
SHOOTIST SUPERFLY,67,8691
SILENCE KANE,67,8758
ARK RIDGEMONT,68,8826
DIVIDE MONSTER,68,8894
DOOM DANCING,68,8962
HUMAN GRAFFITI,68,9030
TOMATOES HELLFIGHTERS,68,9098
CRUELTY UNFORGIVEN,69,9167
FLYING HOOK,69,9236
HEAD STRANGER,69,9305
HOLLYWOOD ANONYMOUS,69,9374
LEBOWSKI SOLDIERS,69,9443
TIMBERLAND SKY,69,9512
CANDIDATE PERDITION,70,9582
CHANCE RESURRECTION,70,9652
CLUE GRAIL,70,9722
COLDBLOODED DARLING,70,9792
GUNFIGHT MOON,70,9862
LOUISIANA HARRY,70,9932
WEDDING APOLLO,70,10002
BLOOD ARGONAUTS,71,10073
CHARIOTS CONSPIRACY,71,10144
KNOCK WARLOCK,71,10215
MANNEQUIN WORST,71,10286
PRINCESS GIANT,71,10357
TEMPLE ATTRACTION,71,10428
TRAIN BUNCH,71,10499
BOWFINGER GABLES,72,10571
FICTION CHRISTMAS,72,10643
HARDLY ROBBERS,72,10715
MAUDE MOD,72,10787
BEDAZZLED MARRIED,73,10860
BRIGHT ENCOUNTERS,73,10933
BROTHERHOOD BLANKET,73,11006
FRIDA SLIPPER,73,11079
GODFATHER DIARY,73,11152
MUSKETEERS WAIT,73,11225
RANDOM GO,73,11298
REBEL AIRPORT,73,11371
SALUTE APOLLO,73,11444
STREETCAR INTENTIONS,73,11517
VALLEY PACKER,73,11590
WAKE JAWS,73,11663
ANGELS LIFE,74,11737
INFORMER DOUBLE,74,11811
JUMPING WRATH,74,11885
LUKE MUMMY,74,11959
MAGUIRE APACHE,74,12033
MODERN DORADO,74,12107
PEARL DESTINY,74,12181
RAINBOW SHOCK,74,12255
SILVERADO GOLDFINGER,74,12329
SNATCHERS MONTEZUMA,74,12403
TEEN APOLLO,74,12477
WORKING MICROCOSMOS,74,12551
BALLOON HOMEWARD,75,12626
CALIFORNIA BIRDS,75,12701
FIDDLER LOST,75,12776
HELLFIGHTERS SIERRA,75,12851
LOVER TRUMAN,75,12926
NETWORK PEAK,75,13001
NEWTON LABYRINTH,75,13076
SATISFACTION CONFIDENTIAL,75,13151
STAMPEDE DISTURBING,75,13226
WIZARD COLDBLOODED,75,13301
BOONDOCK BALLROOM,76,13377
COMFORTS RUSH,76,13453
DESIRE ALIEN,76,13529
DESTINATION JERK,76,13605
HAUNTED ANTITRUST,76,13681
ORANGE GRAPES,76,13757
VILLAIN DESPERATE,76,13833
BERETS AGENT,77,13910
ENEMY ODDS,77,13987
FELLOWSHIP AUTUMN,77,14064
MEMENTO ZOOLANDER,77,14141
MOD SECRETARY,77,14218
PICKUP DRIVING,77,14295
HOLIDAY GAMES,78,14373
INSIDER ARIZONA,78,14451
LANGUAGE COWBOY,78,14529
UNFAITHFUL KILL,78,14607
VOYAGE LEGALLY,78,14685
WATCH TRACY,78,14763
AMELIE HELLFIGHTERS,79,14842
ISHTAR ROCKETEER,79,14921
MOULIN WAKE,79,15000
SHOCK CABIN,79,15079
SPIKING ELEMENT,79,15158
WEREWOLF LOLA,79,15237
FLAMINGOS CONNECTICUT,80,15317
GARDEN ISLAND,80,15397
LOSER HUSTLER,80,15477
MEET CHOCOLATE,80,15557
PEAK FOREVER,80,15637
SADDLE ANTITRUST,80,15717
SEA VIRGIN,80,15797
SHAWSHANK BUBBLE,80,15877
TURN STAR,80,15957
WAR NOTTING,80,16037
CLASH FREDDY,81,16118
DESPERATE TRAINSPOTTING,81,16199
ROMAN PUNK,81,16280
ALONE TRIP,82,16362
ANYTHING SAVANNAH,82,16444
FROST HEAD,82,16526
PERFECT GROOVE,82,16608
RAIDERS ANTITRUST,82,16690
REIGN GENTLEMEN,82,16772
TYCOON GATHERING,82,16854
ATTRACTION NEWTON,83,16937
FUGITIVE MAGUIRE,83,17020
HUSTLER PARTY,83,17103
MOON BUNCH,83,17186
NONE SPIKING,83,17269
WARLOCK WEREWOLF,83,17352
DAISY MENAGERIE,84,17436
GONE TROUBLE,84,17520
GUYS FALCON,84,17604
HIGH ENCINO,84,17688
HONEY TIES,84,17772
IDOLS SNATCHERS,84,17856
ISLAND EXORCIST,84,17940
JEEPERS WEDDING,84,18024
PACKER MADIGAN,84,18108
PLUTO OLEANDER,84,18192
SAVANNAH TOWN,84,18276
SLING LUKE,84,18360
UPTOWN YOUNG,84,18444
AMISTAD MIDSUMMER,85,18529
BEVERLY OUTLAW,85,18614
BLACKOUT PRIVATE,85,18699
CANYON STOCK,85,18784
CASABLANCA SUPER,85,18869
EARTH VISION,85,18954
EGYPT TENENBAUMS,85,19039
ENDING CROWDS,85,19124
GHOST GROUNDHOG,85,19209
GRAIL FRANKENSTEIN,85,19294
LOLA AGENT,85,19379
OZ LIAISONS,85,19464
STAGE WORLD,85,19549
VARSITY TRIP,85,19634
WASTELAND DIVINE,85,19719
WINDOW SIDE,85,19804
WONKA SEA,85,19889
ACADEMY DINOSAUR,86,19975
ANNIE IDENTITY,86,20061
GANDHI KWAI,86,20147
MIDNIGHT WESTWARD,86,20233
YENTL IDAHO,86,20319
BANG KWAI,87,20406
CHEAPER CLYDE,87,20493
CONGENIALITY QUEST,87,20580
DEVIL DESIRE,87,20667
SLEUTH ORIENT,87,20754
TREATMENT JEKYLL,87,20841
DETAILS PACKER,88,20929
HOLY TADPOLE,88,21017
PURPLE MOVIE,88,21105
TERMINATOR CLUB,88,21193
BEAST HUNCHBACK,89,21282
BUTTERFLY CHOCOLAT,89,21371
DARES PLUTO,89,21460
GLEAMING JAWBREAKER,89,21549
PULP BEVERLY,89,21638
ROOTS REMEMBER,89,21727
BASIC EASY,90,21817
CIRCUS YOUTH,90,21907
FORWARD TEMPLE,90,21997
SECRET GROUNDHOG,90,22087
VERTIGO NORTHWEST,90,22177
ANTHEM LUKE,91,22268
FATAL HAUNTED,91,22359
FIGHT JAWBREAKER,91,22450
LICENSE WEEKEND,91,22541
TARZAN VIDEOTAPE,91,22632
TITANS JERK,91,22723
ANACONDA CONFESSIONS,92,22815
APACHE DIVINE,92,22907
CARIBBEAN LIBERTY,92,22999
CORE SUIT,92,23091
ENCOUNTERS CURTAIN,92,23183
KANE EXORCIST,92,23275
MYSTIC TRUMAN,92,23367
NATIONAL STORY,92,23459
OPPOSITE NECKLACE,92,23551
SUNDANCE INVASION,92,23643
TRUMAN CRAZY,92,23735
BILL OTHERS,93,23828
GOLDFINGER SENSIBILITY,93,23921
GREATEST NORTH,93,24014
HILLS NEIGHBORS,93,24107
PANKY SUBMARINE,93,24200
SHANE DARKNESS,93,24293
STING PERSONAL,93,24386
SUICIDES SILENCE,93,24479
ALICE FANTASIA,94,24573
DISTURBING SCARFACE,94,24667
FULL FLATLINERS,94,24761
STONE FIRE,94,24855
CLUELESS BUCKET,95,24950
HORN WORKING,95,25045
DRUMS DYNAMITE,96,25141
EARLY HOME,96,25237
EXPENDABLE STALLION,97,25334
INVASION CYCLONE,97,25431
LUCKY FLYING,97,25528
REAR TRADING,97,25625
BOUND CHEAPER,98,25723
EARRING INSTINCT,98,25821
FEUD FROGMEN,98,25919
LOST BIRD,98,26017
MADRE GABLES,98,26115
PREJUDICE OLEANDER,98,26213
SENSIBILITY REAR,98,26311
WISDOM WORKER,98,26409
ARMAGEDDON LOST,99,26508
DARKNESS WAR,99,26607
FRENCH HOLIDAY,99,26706
PATIENT SISTER,99,26805
PERDITION FARGO,99,26904
PET HAUNTING,99,27003
SABRINA MIDNIGHT,99,27102
TENENBAUMS COMMAND,99,27201
BEHAVIOR RUNAWAY,100,27301
BILKO ANONYMOUS,100,27401
DELIVERANCE MULHOLLAND,100,27501
DIVINE RESURRECTION,100,27601
FLATLINERS KILLER,100,27701
GUN BONNIE,100,27801
HAPPINESS UNITED,100,27901
HYDE DOCTOR,100,28001
PIRATES ROXANNE,100,28101
PUNK DIVORCE,100,28201
WITCHES PANIC,100,28301
WYOMING STORM,100,28401
CHOCOLAT HARRY,101,28502
CIDER DESIRE,101,28603
DWARFS ALTER,101,28704
GHOSTBUSTERS ELF,101,28805
ROOF CHAMPION,101,28906
RUNNER MADIGAN,101,29007
ZOOLANDER FICTION,101,29108
BOILED DARES,102,29210
FALCON VOLUME,102,29312
GIANT TROOPERS,102,29414
HEAVYWEIGHTS BEAST,102,29516
JEOPARDY ENCINO,102,29618
OPUS ICE,102,29720
PANIC CLUB,102,29822
ROBBERS JOON,102,29924
ROCK INSTINCT,102,30026
SCARFACE BANG,102,30128
TREASURE COMMAND,102,30230
BIRDCAGE CASPER,103,30333
BLINDNESS GUN,103,30436
FIREHOUSE VIETNAM,103,30539
GLASS DYING,103,30642
HOMEWARD CIDER,103,30745
IMPOSSIBLE PREJUDICE,103,30848
MOTHER OLEANDER,103,30951
PINOCCHIO SIMON,103,31054
STRANGELOVE DESIRE,103,31157
CROW GREASE,104,31261
DATE SPEED,104,31365
FEATHERS METAL,104,31469
MERMAID INSECTS,104,31573
SHIP WONDERLAND,104,31677
TITANIC BOONDOCK,104,31781
HUNGER ROOF,105,31886
JOON NORTHWEST,105,31991
MICROCOSMOS PARADISE,105,32096
MOB DUFFEL,105,32201
WON DARES,105,32306
ZHIVAGO CORE,105,32411
BED HIGHBALL,106,32517
DALMATIONS SWEDEN,106,32623
DEER VIRGINIAN,106,32729
GASLIGHT CRUSADE,106,32835
PRIVATE DROP,106,32941
SAGEBRUSH CLUELESS,106,33047
CHITTY LOCK,107,33154
DIARY PANIC,107,33261
EFFECT GLADIATOR,107,33368
HANKY OCTOBER,107,33475
HATE HANDICAP,107,33582
INTENTIONS EMPIRE,107,33689
MONSTER SPARTACUS,107,33796
PARTY KNOCK,107,33903
UNDEFEATED DALMATIONS,107,34010
WANDA CHAMBER,107,34117
AUTUMN CROW,108,34225
GORGEOUS BINGO,108,34333
HANDICAP BOONDOCK,108,34441
LORD ARIZONA,108,34549
SWEETHEARTS SUSPECTS,108,34657
COMA HEAD,109,34766
HOUSE DYNAMITE,109,34875
PANTHER REDS,109,34984
PARK CITIZEN,109,35093
RUGRATS SHAKESPEARE,109,35202
SECRETS PARADISE,109,35311
WHALE BIKINI,109,35420
CELEBRITY HORN,110,35530
DRUMLINE CYCLONE,110,35640
HIGHBALL POTTER,110,35750
LEAGUE HELLFIGHTERS,110,35860
REMEMBER DIARY,110,35970
SAMURAI LION,110,36080
SEATTLE EXPECATIONS,110,36190
SNATCH SLIPPER,110,36300
TRAP GUYS,110,36410
FROGMEN BREAKING,111,36521
GROOVE FICTION,111,36632
SIEGE MADRE,111,36743
SUIT WALLS,111,36854
TIES HUNGER,111,36965
WIND PHANTOM,111,37076
WONDERLAND CHRISTMAS,111,37187
CAT CONEHEADS,112,37299
CONEHEADS SMOOCHY,112,37411
CONVERSATION DOWNHILL,112,37523
CROWDS TELEMARK,112,37635
CRUSADE HONEY,112,37747
FORRESTER COMANCHEROS,112,37859
JAWS HARRY,112,37971
QUILLS BULL,112,38083
SEABISCUIT PUNK,112,38195
SPY MILE,112,38307
STAGECOACH ARMAGEDDON,112,38419
WAIT CIDER,112,38531
WATERSHIP FRONTIER,112,38643
AMADEUS HOLY,113,38756
ATTACKS HATE,113,38869
BANGER PINOCCHIO,113,38982
DAY UNFAITHFUL,113,39095
LADYBUGS ARMAGEDDON,113,39208
LEGALLY SECRETARY,113,39321
SHEPHERD MIDSUMMER,113,39434
STATE WASTELAND,113,39547
ALABAMA DEVIL,114,39661
BLADE POLISH,114,39775
CARRIE BUNCH,114,39889
CHAINSAW UPTOWN,114,40003
CHASING FIGHT,114,40117
GILBERT PELICAN,114,40231
MARRIED GO,114,40345
PRIDE ALAMO,114,40459
SUGAR WONKA,114,40573
SUPERFLY TRIP,114,40687
CONNECTION MICROCOSMOS,115,40802
ELEMENT FREDDY,115,40917
GLORY TRACY,115,41032
OSCAR GOLD,115,41147
POTTER CONNECTICUT,115,41262
PRIX UNDEFEATED,115,41377
TROOPERS METAL,115,41492
DUCK RACER,116,41608
INSTINCT AIRPORT,116,41724
MADIGAN DORADO,116,41840
WORDS HUNTER,116,41956
AFFAIR PREJUDICE,117,42073
CHAMBER ITALIAN,117,42190
GRAFFITI LOVE,117,42307
MAGIC MALLRATS,117,42424
RESURRECTION SILVERADO,117,42541
BACKLASH UNDEFEATED,118,42659
FIDELITY DEVIL,118,42777
JAWBREAKER BROOKLYN,118,42895
ORIENT CLOSER,118,43013
OTHERS SOUP,118,43131
PATHS CONTROL,118,43249
PERSONAL LADYBUGS,118,43367
ROUGE SQUAD,118,43485
APOCALYPSE FLAMINGOS,119,43604
BUGSY SONG,119,43723
DUMBO LUST,119,43842
GAMES BOWFINGER,119,43961
IDENTITY LOVER,119,44080
STRANGERS GRAFFITI,119,44199
CALENDAR GUNFIGHT,120,44319
COMMAND DARLING,120,44439
DAZED PUNK,120,44559
DOLLS RAGE,120,44679
KARATE MOON,120,44799
LOCK REAR,120,44919
ORDER BETRAYED,120,45039
RAGE GAMES,120,45159
UNTOUCHABLES SUNRISE,120,45279
ARIZONA BANG,121,45400
BOOGIE AMELIE,121,45521
BRANNIGAN SUNRISE,121,45642
DANGEROUS UPTOWN,121,45763
HARRY IDAHO,121,45884
JUMANJI BLADE,121,46005
PARIS WEEKEND,121,46126
PURE RUNNER,121,46247
BEACH HEARTBREAKERS,122,46369
BETRAYED REAR,122,46491
CHICKEN HELLFIGHTERS,122,46613
CONFUSED CANDLES,122,46735
DECEIVER BETRAYED,122,46857
DOGMA FAMILY,122,46979
EXTRAORDINARY CONQUERER,122,47101
HOURS RAGE,122,47223
ILLUSION AMELIE,122,47345
MIGHTY LUCK,122,47467
VANILLA DAY,122,47589
BREAKFAST GOLDFINGER,123,47712
FLASH WARS,123,47835
INSECTS STONE,123,47958
MASK PEACH,123,48081
REEF SALUTE,123,48204
SWARM GOLD,123,48327
VANISHING ROCKY,123,48450
CHISUM BEHAVIOR,124,48574
CLONES PINOCCHIO,124,48698
JINGLE SAGEBRUSH,124,48822
SPEED SUIT,124,48946
BULL SHAWSHANK,125,49071
DONNIE ALLEY,125,49196
FISH OPUS,125,49321
GENTLEMEN STAGE,125,49446
HUNTER ALTER,125,49571
SAINTS BRIDE,125,49696
SHINING ROSES,125,49821
ALAMO VIDEOTAPE,126,49947
ELEPHANT TROJAN,126,50073
FREAKY POCUS,126,50199
MONTEZUMA COMMAND,126,50325
PAJAMA JAWBREAKER,126,50451
SINNERS ATLANTIS,126,50577
VAMPIRE WHALE,126,50703
WOMEN DORADO,126,50829
WONDERFUL DROP,126,50955
ARGONAUTS TOWN,127,51082
GUNFIGHTER MUSSOLINI,127,51209
MALTESE HOPE,127,51336
SEVEN SWARM,127,51463
SUBMARINE BED,127,51590
GALAXY SWEETHEARTS,128,51718
HOLES BRANNIGAN,128,51846
JEDI BENEATH,128,51974
NOTORIOUS REUNION,128,52102
PAPI NECKLACE,128,52230
USUAL UNTOUCHABLES,128,52358
WARS PLUTO,128,52486
AMERICAN CIRCUS,129,52615
BAREFOOT MANCHURIAN,129,52744
GOSFORD DONNIE,129,52873
MUSIC BOONDOCK,129,53002
OUTFIELD MASSACRE,129,53131
SLEEPING SUSPECTS,129,53260
UNFORGIVEN ZOOLANDER,129,53389
AFRICAN EGG,130,53519
DARKO DORADO,130,53649
FARGO GANDHI,130,53779
JASON TRAP,130,53909
MAJESTIC FLOATS,130,54039
STALLION SUNDANCE,130,54169
FANTASIA PARK,131,54300
FOREVER CANDIDATE,131,54431
ICE CROSSING,131,54562
NEMO CAMPUS,131,54693
OPEN AFRICAN,131,54824
CHOCOLATE DUCK,132,54956
DUDE BLINDNESS,132,55088
NECKLACE OUTBREAK,132,55220
PLATOON INSTINCT,132,55352
SKY MIRACLE,132,55484
STREAK RIDGEMONT,132,55616
TRAINSPOTTING STRANGERS,132,55748
VOLUME HOUSE,132,55880
BUCKET BROTHERHOOD,133,56013
CURTAIN VIDEOTAPE,133,56146
DRAGONFLY STRANGERS,133,56279
FREEDOM CLEOPATRA,133,56412
MALLRATS UNITED,133,56545
JUNGLE CLOSER,134,56679
PITTSBURGH HUNCHBACK,134,56813
ROBBERY BRIGHT,134,56947
SPLENDOR PATTON,134,57081
WEEKEND PERSONAL,134,57215
CANDLES GRAPES,135,57350
DREAM PICKUP,135,57485
GREASE YOUTH,135,57620
INDIAN LOVE,135,57755
JAPANESE RUN,135,57890
MONEY HAROLD,135,58025
SIERRA DIVIDE,135,58160
SUNRISE LEAGUE,135,58295
THIEF PELICAN,135,58430
WALLS ARTIST,135,58565
ALASKA PHANTOM,136,58701
BRINGING HYSTERICAL,136,58837
CRAZY HOME,136,58973
HOLLOW JEOPARDY,136,59109
MAKER GABLES,136,59245
PIANIST OUTFIELD,136,59381
REAP UNFAITHFUL,136,59517
SQUAD FISH,136,59653
TOWN ARK,136,59789
ARSENIC INDEPENDENCE,137,59926
GRIT CLOCKWORK,137,60063
LIFE TWISTED,137,60200
LOSE INCH,137,60337
PHILADELPHIA WIFE,137,60474
POLLOCK DELIVERANCE,137,60611
SCORPION APOLLO,137,60748
SLEEPY JAPANESE,137,60885
WILLOW TRACY,137,61022
EXPECATIONS NATURAL,138,61160
LIBERTY MAGNIFICENT,138,61298
MAIDEN HOME,138,61436
POCUS PULP,138,61574
SPINAL ROCKY,138,61712
SPIRITED CASUALTIES,138,61850
CLYDE THEORY,139,61989
CREATURES SHAKESPEARE,139,62128
DORADO NOTTING,139,62267
GROUNDHOG UNCUT,139,62406
HOPE TOOTSIE,139,62545
HORROR REIGN,139,62684
SHRUNK DIVINE,139,62823
STRANGER STRANGERS,139,62962
TRAFFIC HOBBIT,139,63101
VOICE PEACH,139,63240
WORKER TARZAN,139,63379
EAGLES PANKY,140,63519
GRACELAND DYNAMITE,140,63659
LIAISONS SWEET,140,63799
LOATHING LEGALLY,140,63939
STEERS ARMAGEDDON,140,64079
DISCIPLE MOTHER,141,64220
DYNAMITE TARZAN,141,64361
HOCUS FRIDA,141,64502
HOMICIDE PEACH,141,64643
KISSING DOLLS,141,64784
SPICE SORORITY,141,64925
SUN CONFESSIONS,141,65066
BIKINI BORROWERS,142,65208
CHILL LUCK,142,65350
FERRIS MOTHER,142,65492
MILLION ACE,142,65634
TOMORROW HUSTLER,142,65776
TRACY CIDER,142,65918
VANISHED GARDEN,142,66060
CINCINATTI WHISPERER,143,66203
CLOCKWORK PARADISE,143,66346
CROOKED FROGMEN,143,66489
DETECTIVE VISION,143,66632
ENCINO ELF,143,66775
SOUTH WAIT,143,66918
STEEL SANTA,143,67061
DANCING FEVER,144,67205
FACTORY DRAGON,144,67349
LAMBS CINCINATTI,144,67493
PACIFIC AMISTAD,144,67637
PRESIDENT BANG,144,67781
STRICTLY SCARFACE,144,67925
TOWERS HURRICANE,144,68069
VIRTUAL SPOILERS,144,68213
FLOATS GARDEN,145,68358
NUTS TIES,145,68503
PAYCHECK WAIT,145,68648
ROCKY WAR,145,68793
RUN PACIFIC,145,68938
VACATION BOONDOCK,145,69083
VIDEOTAPE ARSENIC,145,69228
CHAPLIN LICENSE,146,69374
COWBOY DOOM,146,69520
HALF OUTFIELD,146,69666
HAMLET WISDOM,146,69812
MOURNING PURPLE,146,69958
ARACHNOPHOBIA ROLLERCOASTER,147,70105
DIRTY ACE,147,70252
LIES TREATMENT,147,70399
MADISON TRAP,147,70546
MENAGERIE RUSHMORE,147,70693
RACER EGG,147,70840
RANGE MOONWALKER,147,70987
SCISSORHANDS SLUMS,147,71134
SLUMS DUCK,147,71281
ARMY FLINTSTONES,148,71429
BLANKET BEVERLY,148,71577
EASY GLADIATOR,148,71725
FIREBALL PHILADELPHIA,148,71873
FLINTSTONES HAPPINESS,148,72021
OUTLAW HANKY,148,72169
TELEGRAPH VOYAGE,148,72317
COLOR PHILADELPHIA,149,72466
HOLOCAUST HIGHBALL,149,72615
MINDS TRUMAN,149,72764
NIGHTMARE CHILL,149,72913
RIVER OUTLAW,149,73062
SPIRIT FLINTSTONES,149,73211
ALI FOREVER,150,73361
BINGO TALENTED,150,73511
CHRISTMAS MOONSHINE,150,73661
CLEOPATRA DEVIL,150,73811
GRINCH MASSAGE,150,73961
HYSTERICAL GRAIL,150,74111
RUSHMORE MERMAID,150,74261
SATURDAY LAMBS,150,74411
BEETHOVEN EXORCIST,151,74562
CAROL TEXAS,151,74713
HUNCHBACK IMPOSSIBLE,151,74864
MASKED BUBBLE,151,75015
SCHOOL JACKET,151,75166
SPOILERS HELLFIGHTERS,151,75317
STRAIGHT HOURS,151,75468
CENTER DINOSAUR,152,75620
ELIZABETH SHANE,152,75772
LUCK OPUS,152,75924
SISTER FREDDY,152,76076
TELEMARK HEARTBREAKERS,152,76228
TOURIST PELICAN,152,76380
TUXEDO MILE,152,76532
TWISTED PIRATES,152,76684
WAGON JAWS,152,76836
APOLLO TEEN,153,76989
BABY HALL,153,77142
CROSSROADS CASUALTIES,153,77295
EDGE KISSING,153,77448
GOLDMINE TYCOON,153,77601
LEATHERNECKS DWARFS,153,77754
RIGHT CRANES,153,77907
ROLLERCOASTER BRINGING,153,78060
RULES HUMAN,153,78213
DOUBTFIRE LABYRINTH,154,78367
DURHAM PANKY,154,78521
GOLD RIVER,154,78675
RAGING AIRPLANE,154,78829
SANTA PARIS,154,78983
SASSY PACKER,154,79137
SHREK LICENSE,154,79291
ELF MURDER,155,79446
FAMILY SWEET,155,79601
GRAPES FURY,155,79756
LOLITA WORLD,155,79911
PSYCHO SHRUNK,155,80066
TADPOLE PARK,155,80221
FINDING ANACONDA,156,80377
GRADUATE LORD,156,80533
OPERATION OPERATION,156,80689
SLIPPER FIDELITY,156,80845
HOBBIT ALIEN,157,81002
INDEPENDENCE HOTEL,157,81159
MULHOLLAND BEAST,157,81316
PAST SUICIDES,157,81473
TOOTSIE PILOT,157,81630
VOLCANO TEXAS,157,81787
ENOUGH RAGING,158,81945
FEVER EMPIRE,158,82103
FOOL MOCKINGBIRD,158,82261
MONTEREY LABYRINTH,158,82419
ROAD ROXANNE,158,82577
SECRETARY ROUGE,158,82735
DRIVER ANNIE,159,82894
FRANKENSTEIN STRANGER,159,83053
MALKOVICH PET,159,83212
NEWSIES STORY,159,83371
POSEIDON FOREVER,159,83530
WEST LION,159,83689
BEAR GRACELAND,160,83849
IGBY MAKER,160,84009
MULAN MOON,160,84169
MUMMY CREATURES,160,84329
PEACH INNOCENT,160,84489
STOCK GLASS,160,84649
BROOKLYN DESERT,161,84810
DADDY PITTSBURGH,161,84971
GABLES METROPOLIS,161,85132
KILLER INNOCENT,161,85293
MASSAGE IMAGE,161,85454
METAL ARMAGEDDON,161,85615
NEIGHBORS CHARADE,161,85776
OLEANDER CLUE,161,85937
WASH HEAVENLY,161,86098
BADMAN DAWN,162,86260
BIRCH ANTITRUST,162,86422
LOVERBOY ATTACKS,162,86584
MIRACLE VIRTUAL,162,86746
ROSES TREASURE,162,86908
BIRD INDEPENDENCE,163,87071
CASPER DRAGONFLY,163,87234
EVERYONE CRAFT,163,87397
GILMORE BOILED,163,87560
KISS GLORY,163,87723
QUEEN LUKE,163,87886
STORY SIDE,163,88049
CLERKS ANGELS,164,88213
MISSION ZOOLANDER,164,88377
UNITED PILOT,164,88541
VIRGINIAN PLUTO,164,88705
CITIZEN SHREK,165,88870
DARLING BREAKING,165,89035
MASSACRE USUAL,165,89200
SONG HEDWIG,165,89365
SPEAKEASY DATE,165,89530
CONTACT ANONYMOUS,166,89696
GREEDY ROOTS,166,89862
MINE TITANS,166,90028
MOTIONS DETAILS,166,90194
MURDER ANTITRUST,166,90360
CAMPUS REMEMBER,167,90527
ESCAPE METROPOLIS,167,90694
EXORCIST STING,167,90861
INCH JET,167,91028
LESSON CLEOPATRA,167,91195
REQUIEM TYCOON,167,91362
SHOW LORD,167,91529
ANTITRUST TOMATOES,168,91697
DYING MAKER,168,91865
HAROLD FRENCH,168,92033
TRANSLATION SUMMER,168,92201
AGENT TRUMAN,169,92370
BREAKING HOME,169,92539
HEDWIG ALTER,169,92708
KENTUCKIAN GIANT,169,92877
OUTBREAK DIVINE,169,93046
SOUP WISDOM,169,93215
ARTIST COLDBLOODED,170,93385
ATLANTIS CAUSE,170,93555
DRAGON SQUAD,170,93725
TRADING PINOCCHIO,170,93895
DUFFEL APOCALYPSE,171,94066
JERICHO MULAN,171,94237
KRAMER CHOCOLATE,171,94408
MAGNOLIA FORRESTER,171,94579
MOONSHINE CABIN,171,94750
ROXANNE REBEL,171,94921
TRAMP OTHERS,171,95092
WORLD LEATHERNECKS,171,95263
CONNECTICUT TRAMP,172,95435
CREEPERS KANE,172,95607
EYES DRIVING,172,95779
IDAHO LOVE,172,95951
JERK PAYCHECK,172,96123
NORTHWEST POLISH,172,96295
TIGHTS DAWN,172,96467
UNCUT SUICIDES,172,96639
BALLROOM MOCKINGBIRD,173,96812
CONQUERER NUTS,173,96985
FIRE WOLVES,173,97158
GLADIATOR WESTWARD,173,97331
PIZZA JUMANJI,173,97504
TALENTED HOMICIDE,173,97677
VELVET TERMINATOR,173,97850
EVOLUTION ALTER,174,98024
ITALIAN AFRICAN,174,98198
JADE BUNCH,174,98372
LIGHTS DEER,174,98546
UPRISING UPTOWN,174,98720
VIETNAM SMOOCHY,174,98894
BEAUTY GREASE,175,99069
DRIVING POLISH,175,99244
LAWRENCE LOVE,175,99419
MODEL FISH,175,99594
PATTON INTERVIEW,175,99769
SPLASH GUMP,175,99944
BRAVEHEART HUMAN,176,100120
CAPER MOTIONS,176,100296
CYCLONE FAMILY,176,100472
DRACULA CRYSTAL,176,100648
ENTRAPMENT SATISFACTION,176,100824
GATHERING CALENDAR,176,101000
GREEK EVERYONE,176,101176
HOOSIERS BIRDCAGE,176,101352
SWEDEN SHINING,176,101528
WRATH MILE,176,101704
DOUBLE WRATH,177,101881
DOZEN LION,177,102058
EMPIRE MALKOVICH,177,102235
MANCHURIAN CURTAIN,177,102412
QUEST MUSSOLINI,177,102589
RIDER CADDYSHACK,177,102766
DROP WATERFRONT,178,102944
EXPRESS LONELY,178,103122
FURY MURDER,178,103300
IMAGE PRINCESS,178,103478
INNOCENT USUAL,178,103656
MADNESS ATTACKS,178,103834
NAME DETECTIVE,178,104012
ROCKETEER MOTHER,178,104190
WARDROBE PHANTOM,178,104368
WRONG BEHAVIOR,178,104546
ANONYMOUS HUMAN,179,104725
BORN SPINAL,179,104904
CASUALTIES ENCINO,179,105083
CAUSE DATE,179,105262
FLIGHT LIES,179,105441
KICK SAVANNAH,179,105620
POTLUCK MIXED,179,105799
REDEMPTION COMFORTS,179,105978
SLACKER LIAISONS,179,106157
TEXAS WATCH,179,106336
TORQUE BOUND,179,106515
VIRGIN DAISY,179,106694
YOUTH KICK,179,106873
ALLEY EVOLUTION,180,107053
CONFIDENTIAL INTERVIEW,180,107233
IMPACT ALADDIN,180,107413
MIXED DOORS,180,107593
MUSSOLINI SPOILERS,180,107773
NASH CHOCOLAT,180,107953
SOMETHING DUCK,180,108133
ANALYZE HOOSIERS,181,108314
HAUNTING PIANIST,181,108495
HOTEL HAPPINESS,181,108676
INTRIGUE WORST,181,108857
JACKET FRISCO,181,109038
LAWLESS VISION,181,109219
LOVE SUICIDES,181,109400
RUNAWAY TENENBAUMS,181,109581
STAR OPERATION,181,109762
WILD APOLLO,181,109943
BAKED CLEOPATRA,182,110125
MONSOON CAUSE,182,110307
RECORDS ZORRO,182,110489
REDS POCUS,182,110671
SATURN NAME,182,110853
SEARCHERS WAIT,182,111035
CATCH AMISTAD,183,111218
FRONTIER CABIN,183,111401
SCALAWAG DUCK,183,111584
WIFE TURN,183,111767
YOUNG LANGUAGE,183,111950
CONSPIRACY SPIRIT,184,112134
CRYSTAL BREAKING,184,112318
KING EVOLUTION,184,112502
MOONWALKER FOOL,184,112686
SMOOCHY CONTROL,184,112870
SONS INTERVIEW,184,113054
SORORITY QUEEN,184,113238
THEORY MERMAID,184,113422
CHICAGO NORTH,185,113607
CONTROL ANTHEM,185,113792
DARN FORRESTER,185,113977
GANGS PRIDE,185,114162
HOME PITY,185,114347
MUSCLE BRIGHT,185,114532
POND SEATTLE,185,114717
SOLDIERS EVOLUTION,185,114902
SWEET BROTHERHOOD,185,115087
WORST BANGER,185,115272
