title,length
CHICAGO NORTH,185
CONTROL ANTHEM,185
DARN FORRESTER,185
GANGS PRIDE,185
HOME PITY,185
MUSCLE BRIGHT,185
POND SEATTLE,185
SOLDIERS EVOLUTION,185
SWEET BROTHERHOOD,185
WORST BANGER,185
CONSPIRACY SPIRIT,184
CRYSTAL BREAKING,184
KING EVOLUTION,184
MOONWALKER FOOL,184
SMOOCHY CONTROL,184
SONS INTERVIEW,184
SORORITY QUEEN,184
THEORY MERMAID,184
CATCH AMISTAD,183
FRONTIER CABIN,183
SCALAWAG DUCK,183
WIFE TURN,183
YOUNG LANGUAGE,183
BAKED CLEOPATRA,182
MONSOON CAUSE,182
RECORDS ZORRO,182
REDS POCUS,182
SATURN NAME,182
SEARCHERS WAIT,182
ANALYZE HOOSIERS,181
HAUNTING PIANIST,181
HOTEL HAPPINESS,181
INTRIGUE WORST,181
JACKET FRISCO,181
LAWLESS VISION,181
LOVE SUICIDES,181
RUNAWAY TENENBAUMS,181
STAR OPERATION,181
WILD APOLLO,181
ALLEY EVOLUTION,180
CONFIDENTIAL INTERVIEW,180
IMPACT ALADDIN,180
MIXED DOORS,180
MUSSOLINI SPOILERS,180
NASH CHOCOLAT,180
SOMETHING DUCK,180
ANONYMOUS HUMAN,179
BORN SPINAL,179
CASUALTIES ENCINO,179
CAUSE DATE,179
FLIGHT LIES,179
KICK SAVANNAH,179
POTLUCK MIXED,179
REDEMPTION COMFORTS,179
SLACKER LIAISONS,179
TEXAS WATCH,179
TORQUE BOUND,179
VIRGIN DAISY,179
YOUTH KICK,179
DROP WATERFRONT,178
EXPRESS LONELY,178
FURY MURDER,178
IMAGE PRINCESS,178
INNOCENT USUAL,178
MADNESS ATTACKS,178
NAME DETECTIVE,178
ROCKETEER MOTHER,178
WARDROBE PHANTOM,178
WRONG BEHAVIOR,178
DOUBLE WRATH,177
DOZEN LION,177
EMPIRE MALKOVICH,177
MANCHURIAN CURTAIN,177
QUEST MUSSOLINI,177
RIDER CADDYSHACK,177
BRAVEHEART HUMAN,176
CAPER MOTIONS,176
CYCLONE FAMILY,176
DRACULA CRYSTAL,176
ENTRAPMENT SATISFACTION,176
GATHERING CALENDAR,176
GREEK EVERYONE,176
HOOSIERS BIRDCAGE,176
SWEDEN SHINING,176
WRATH MILE,176
BEAUTY GREASE,175
DRIVING POLISH,175
LAWRENCE LOVE,175
MODEL FISH,175
PATTON INTERVIEW,175
SPLASH GUMP,175
EVOLUTION ALTER,174
ITALIAN AFRICAN,174
JADE BUNCH,174
LIGHTS DEER,174
UPRISING UPTOWN,174
VIETNAM SMOOCHY,174
BALLROOM MOCKINGBIRD,173
CONQUERER NUTS,173
FIRE WOLVES,173
GLADIATOR WESTWARD,173
PIZZA JUMANJI,173
TALENTED HOMICIDE,173
VELVET TERMINATOR,173
CONNECTICUT TRAMP,172
CREEPERS KANE,172
EYES DRIVING,172
IDAHO LOVE,172
JERK PAYCHECK,172
NORTHWEST POLISH,172
TIGHTS DAWN,172
UNCUT SUICIDES,172
DUFFEL APOCALYPSE,171
JERICHO MULAN,171
KRAMER CHOCOLATE,171
MAGNOLIA FORRESTER,171
MOONSHINE CABIN,171
ROXANNE REBEL,171
TRAMP OTHERS,171
WORLD LEATHERNECKS,171
ARTIST COLDBLOODED,170
ATLANTIS CAUSE,170
DRAGON SQUAD,170
TRADING PINOCCHIO,170
AGENT TRUMAN,169
BREAKING HOME,169
HEDWIG ALTER,169
KENTUCKIAN GIANT,169
OUTBREAK DIVINE,169
SOUP WISDOM,169
ANTITRUST TOMATOES,168
DYING MAKER,168
HAROLD FRENCH,168
TRANSLATION SUMMER,168
CAMPUS REMEMBER,167
ESCAPE METROPOLIS,167
EXORCIST STING,167
INCH JET,167
LESSON CLEOPATRA,167
REQUIEM TYCOON,167
SHOW LORD,167
CONTACT ANONYMOUS,166
GREEDY ROOTS,166
MINE TITANS,166
MOTIONS DETAILS,166
MURDER ANTITRUST,166
CITIZEN SHREK,165
DARLING BREAKING,165
MASSACRE USUAL,165
SONG HEDWIG,165
SPEAKEASY DATE,165
CLERKS ANGELS,164
MISSION ZOOLANDER,164
UNITED PILOT,164
VIRGINIAN PLUTO,164
BIRD INDEPENDENCE,163
CASPER DRAGONFLY,163
EVERYONE CRAFT,163
GILMORE BOILED,163
KISS GLORY,163
QUEEN LUKE,163
STORY SIDE,163
BADMAN DAWN,162
BIRCH ANTITRUST,162
LOVERBOY ATTACKS,162
MIRACLE VIRTUAL,162
ROSES TREASURE,162
BROOKLYN DESERT,161
DADDY PITTSBURGH,161
GABLES METROPOLIS,161
KILLER INNOCENT,161
MASSAGE IMAGE,161
METAL ARMAGEDDON,161
NEIGHBORS CHARADE,161
OLEANDER CLUE,161
WASH HEAVENLY,161
BEAR GRACELAND,160
IGBY MAKER,160
MULAN MOON,160
MUMMY CREATURES,160
PEACH INNOCENT,160
STOCK GLASS,160
DRIVER ANNIE,159
FRANKENSTEIN STRANGER,159
MALKOVICH PET,159
NEWSIES STORY,159
POSEIDON FOREVER,159
WEST LION,159
ENOUGH RAGING,158
FEVER EMPIRE,158
FOOL MOCKINGBIRD,158
MONTEREY LABYRINTH,158
ROAD ROXANNE,158
SECRETARY ROUGE,158
HOBBIT ALIEN,157
INDEPENDENCE HOTEL,157
MULHOLLAND BEAST,157
PAST SUICIDES,157
TOOTSIE PILOT,157
VOLCANO TEXAS,157
FINDING ANACONDA,156
GRADUATE LORD,156
OPERATION OPERATION,156
SLIPPER FIDELITY,156
ELF MURDER,155
FAMILY SWEET,155
GRAPES FURY,155
LOLITA WORLD,155
PSYCHO SHRUNK,155
TADPOLE PARK,155
DOUBTFIRE LABYRINTH,154
DURHAM PANKY,154
GOLD RIVER,154
RAGING AIRPLANE,154
SANTA PARIS,154
SASSY PACKER,154
SHREK LICENSE,154
APOLLO TEEN,153
BABY HALL,153
CROSSROADS CASUALTIES,153
EDGE KISSING,153
GOLDMINE TYCOON,153
LEATHERNECKS DWARFS,153
RIGHT CRANES,153
ROLLERCOASTER BRINGING,153
RULES HUMAN,153
CENTER DINOSAUR,152
ELIZABETH SHANE,152
LUCK OPUS,152
SISTER FREDDY,152
TELEMARK HEARTBREAKERS,152
TOURIST PELICAN,152
TUXEDO MILE,152
TWISTED PIRATES,152
WAGON JAWS,152
BEETHOVEN EXORCIST,151
CAROL TEXAS,151
HUNCHBACK IMPOSSIBLE,151
MASKED BUBBLE,151
SCHOOL JACKET,151
SPOILERS HELLFIGHTERS,151
STRAIGHT HOURS,151
ALI FOREVER,150
BINGO TALENTED,150
CHRISTMAS MOONSHINE,150
CLEOPATRA DEVIL,150
GRINCH MASSAGE,150
HYSTERICAL GRAIL,150
RUSHMORE MERMAID,150
SATURDAY LAMBS,150
COLOR PHILADELPHIA,149
HOLOCAUST HIGHBALL,149
MINDS TRUMAN,149
NIGHTMARE CHILL,149
RIVER OUTLAW,149
SPIRIT FLINTSTONES,149
ARMY FLINTSTONES,148
BLANKET BEVERLY,148
EASY GLADIATOR,148
FIREBALL PHILADELPHIA,148
FLINTSTONES HAPPINESS,148
OUTLAW HANKY,148
TELEGRAPH VOYAGE,148
ARACHNOPHOBIA ROLLERCOASTER,147
DIRTY ACE,147
LIES TREATMENT,147
MADISON TRAP,147
MENAGERIE RUSHMORE,147
RACER EGG,147
RANGE MOONWALKER,147
SCISSORHANDS SLUMS,147
SLUMS DUCK,147
CHAPLIN LICENSE,146
COWBOY DOOM,146
HALF OUTFIELD,146
HAMLET WISDOM,146
MOURNING PURPLE,146
FLOATS GARDEN,145
NUTS TIES,145
PAYCHECK WAIT,145
ROCKY WAR,145
RUN PACIFIC,145
VACATION BOONDOCK,145
VIDEOTAPE ARSENIC,145
DANCING FEVER,144
FACTORY DRAGON,144
LAMBS CINCINATTI,144
PACIFIC AMISTAD,144
PRESIDENT BANG,144
STRICTLY SCARFACE,144
TOWERS HURRICANE,144
VIRTUAL SPOILERS,144
CINCINATTI WHISPERER,143
CLOCKWORK PARADISE,143
CROOKED FROGMEN,143
DETECTIVE VISION,143
ENCINO ELF,143
SOUTH WAIT,143
STEEL SANTA,143
BIKINI BORROWERS,142
CHILL LUCK,142
FERRIS MOTHER,142
MILLION ACE,142
TOMORROW HUSTLER,142
TRACY CIDER,142
VANISHED GARDEN,142
DISCIPLE MOTHER,141
DYNAMITE TARZAN,141
HOCUS FRIDA,141
HOMICIDE PEACH,141
KISSING DOLLS,141
SPICE SORORITY,141
SUN CONFESSIONS,141
EAGLES PANKY,140
GRACELAND DYNAMITE,140
LIAISONS SWEET,140
LOATHING LEGALLY,140
STEERS ARMAGEDDON,140
CLYDE THEORY,139
CREATURES SHAKESPEARE,139
DORADO NOTTING,139
GROUNDHOG UNCUT,139
HOPE TOOTSIE,139
HORROR REIGN,139
SHRUNK DIVINE,139
STRANGER STRANGERS,139
TRAFFIC HOBBIT,139
VOICE PEACH,139
WORKER TARZAN,139
EXPECATIONS NATURAL,138
LIBERTY MAGNIFICENT,138
MAIDEN HOME,138
POCUS PULP,138
SPINAL ROCKY,138
SPIRITED CASUALTIES,138
ARSENIC INDEPENDENCE,137
GRIT CLOCKWORK,137
LIFE TWISTED,137
LOSE INCH,137
PHILADELPHIA WIFE,137
POLLOCK DELIVERANCE,137
SCORPION APOLLO,137
SLEEPY JAPANESE,137
WILLOW TRACY,137
ALASKA PHANTOM,136
BRINGING HYSTERICAL,136
CRAZY HOME,136
HOLLOW JEOPARDY,136
MAKER GABLES,136
PIANIST OUTFIELD,136
REAP UNFAITHFUL,136
SQUAD FISH,136
TOWN ARK,136
CANDLES GRAPES,135
DREAM PICKUP,135
GREASE YOUTH,135
INDIAN LOVE,135
JAPANESE RUN,135
MONEY HAROLD,135
SIERRA DIVIDE,135
SUNRISE LEAGUE,135
THIEF PELICAN,135
WALLS ARTIST,135
JUNGLE CLOSER,134
PITTSBURGH HUNCHBACK,134
ROBBERY BRIGHT,134
SPLENDOR PATTON,134
WEEKEND PERSONAL,134
BUCKET BROTHERHOOD,133
CURTAIN VIDEOTAPE,133
DRAGONFLY STRANGERS,133
FREEDOM CLEOPATRA,133
MALLRATS UNITED,133
CHOCOLATE DUCK,132
DUDE BLINDNESS,132
NECKLACE OUTBREAK,132
PLATOON INSTINCT,132
SKY MIRACLE,132
STREAK RIDGEMONT,132
TRAINSPOTTING STRANGERS,132
VOLUME HOUSE,132
FANTASIA PARK,131
FOREVER CANDIDATE,131
ICE CROSSING,131
NEMO CAMPUS,131
OPEN AFRICAN,131
AFRICAN EGG,130
DARKO DORADO,130
FARGO GANDHI,130
JASON TRAP,130
MAJESTIC FLOATS,130
STALLION SUNDANCE,130
AMERICAN CIRCUS,129
BAREFOOT MANCHURIAN,129
GOSFORD DONNIE,129
MUSIC BOONDOCK,129
OUTFIELD MASSACRE,129
SLEEPING SUSPECTS,129
UNFORGIVEN ZOOLANDER,129
GALAXY SWEETHEARTS,128
HOLES BRANNIGAN,128
JEDI BENEATH,128
NOTORIOUS REUNION,128
PAPI NECKLACE,128
USUAL UNTOUCHABLES,128
WARS PLUTO,128
ARGONAUTS TOWN,127
GUNFIGHTER MUSSOLINI,127
MALTESE HOPE,127
SEVEN SWARM,127
SUBMARINE BED,127
ALAMO VIDEOTAPE,126
ELEPHANT TROJAN,126
FREAKY POCUS,126
MONTEZUMA COMMAND,126
PAJAMA JAWBREAKER,126
SINNERS ATLANTIS,126
VAMPIRE WHALE,126
WOMEN DORADO,126
WONDERFUL DROP,126
BULL SHAWSHANK,125
DONNIE ALLEY,125
FISH OPUS,125
GENTLEMEN STAGE,125
HUNTER ALTER,125
SAINTS BRIDE,125
SHINING ROSES,125
CHISUM BEHAVIOR,124
CLONES PINOCCHIO,124
JINGLE SAGEBRUSH,124
SPEED SUIT,124
BREAKFAST GOLDFINGER,123
FLASH WARS,123
INSECTS STONE,123
MASK PEACH,123
REEF SALUTE,123
SWARM GOLD,123
VANISHING ROCKY,123
BEACH HEARTBREAKERS,122
BETRAYED REAR,122
CHICKEN HELLFIGHTERS,122
CONFUSED CANDLES,122
DECEIVER BETRAYED,122
DOGMA FAMILY,122
EXTRAORDINARY CONQUERER,122
HOURS RAGE,122
ILLUSION AMELIE,122
MIGHTY LUCK,122
VANILLA DAY,122
ARIZONA BANG,121
BOOGIE AMELIE,121
BRANNIGAN SUNRISE,121
DANGEROUS UPTOWN,121
HARRY IDAHO,121
JUMANJI BLADE,121
PARIS WEEKEND,121
PURE RUNNER,121
CALENDAR GUNFIGHT,120
COMMAND DARLING,120
DAZED PUNK,120
DOLLS RAGE,120
KARATE MOON,120
LOCK REAR,120
ORDER BETRAYED,120
RAGE GAMES,120
UNTOUCHABLES SUNRISE,120
